Caterer Name,Contact Number,Email Address,Address
Royal Caterers,9876543210,royalcaterers@gmail.com,"Malviya Nagar, Jaipur"
The Grand Affair,8765432109,thegrandaffair@gmail.com,"Vaishali Nagar, Jaipur"
Saffron Caterers,7654321098,saffroncaterers@gmail.com,"Tonk Road, Jaipur"
Spice Kitchen,6543210987,spicekitchen@gmail.com,"Mansarovar, Jaipur"
The Royal Kitchen,5432109876,theroyalkitchen@gmail.com,"C-Scheme, Jaipur"
Blue Sea Caterers,4321098765,blueseacaterers@gmail.com,"Raja Park, Jaipur"
Pink City Caterers,3210987654,pinkcitycaterers@gmail.com,"Bapu Nagar, Jaipur"
The Catering Company,2109876543,thecateringcompany@gmail.com,"Gopalpura Bypass, Jaipur"
Rajasthani Caterers,1098765432,rajasthanicaterers@gmail.com,"Jhotwara, Jaipur"
Maharaja Caterers,9876543211,maharajacaterers@gmail.com,"Vidhyadhar Nagar, Jaipur"
The Palace Kitchen,8765432110,thepalacekitchen@gmail.com,"Jagatpura, Jaipur"
Elegant Caterers,7654321099,elegantcaterers@gmail.com,"Shyam Nagar, Jaipur"
The Royal Treat,6543210988,theroyaltreat@gmail.com,"Malviya Nagar, Jaipur"
The Silver Spoon,5432109877,thesilverspoon@gmail.com,"Mansarovar, Jaipur"
Spice Of India Caterers,4321098766,spiceofindiacaterers@gmail.com,"Tonk Road, Jaipur"
Food Master Caterers,3210987655,foodmastercaterers@gmail.com,"Vaishali Nagar, Jaipur"
Aroma Caterers,2109876544,aromacaterers@gmail.com,"C-Scheme, Jaipur"
Heritage Caterers,1098765433,heritagecaterers@gmail.com,"Raja Park, Jaipur"
The Food House,9876543212,thefoodhouse@gmail.com,"Bapu Nagar, Jaipur"
Royal Palace Caterers,8765432111,royalpalacecaterers@gmail.com,"Gopalpura Bypass, Jaipur"
Saffron Spice Caterers,7654321100,saffronspicecaterers@gmail.com,"Jhotwara, Jaipur"
Maharani Caterers,6543210989,maharanicaterers@gmail.com,"Vidhyadhar Nagar, Jaipur"
The Grand Feast,5432109878,thegrandfeast@gmail.com,"Jagatpura, Jaipur"
The Perfect Plate,4321098767,theperfectplate@gmail.com,"Shyam Nagar, Jaipur"
Royal Treats Caterers,3210987656,royaltreatscaterers@gmail.com,"Malviya Nagar, Jaipur"
The Golden Spoon,2109876545,thegoldenspoon@gmail.com,"Mansarovar, Jaipur"
The Royal Banquet,9876543213,theroyalbanquet@gmail.com,"Tonk Road, Jaipur"
Chokhi Dhani Caterers,8765432112,chokhidhanicaterers@gmail.com,"Sitapura, Jaipur"
The Royal Cuisine,7654321101,theroyalcuisine@gmail.com,"Bani Park, Jaipur"
Aangan Caterers,6543210990,aangancaterers@gmail.com,"Pratap Nagar, Jaipur"
The Catering Hub,5432109879,thecateringhub@gmail.com,"Mansarovar Extension, Jaipur"
Grandeur Caterers,4321098768,grandeurcaterers@gmail.com,"Jawahar Circle, Jaipur"
The Royal Kitchenette,3210987657,theroyalkitchenette@gmail.com,"Rambagh, Jaipur"
Palki Caterers,2109876546,palkicaterers@gmail.com,"Malviya Nagar, Jaipur"
The Food Court Caterers,1098765435,thefoodcourtcaterers@gmail.com,"Vaishali Nagar, Jaipur"
Silver Oak Caterers,9876543214,silveroakcaterers@gmail.com,"Ajmer Road, Jaipur"
Spice Nation Caterers,8765432113,spicenationcaterers@gmail.com,"Shastri Nagar, Jaipur"
The Royal Dining,7654321102,theroyaldining@gmail.com,"C-Scheme, Jaipur"
The Red Chilli Caterers,6543210991,theredchillicaterers@gmail.com,"Vidhyadhar Nagar, Jaipur"
The Spice Garden Caterers,5432109880,thespicegardencaterers@gmail.com,"Gopalpura Bypass, Jaipur"
The Elite Caterers,4321098769,theelitecaterers@gmail.com,"Sodala, Jaipur"
The Royal Gourmet,3210987658,theroyalgourmet@gmail.com,"Mansarovar, Jaipur"
Silver Leaf Caterers,2109876547,silverleafcaterers@gmail.com,"Malviya Nagar, Jaipur"
Food Paradise Caterers,1098765436,foodparadisecaterers@gmail.com,"Jagatpura, Jaipur"
The Golden Plate Caterers,9876543215,thegoldenplatecaterers@gmail.com,"Bapu Nagar, Jaipur"
The Royal Banquet Hall Caterers,8765432114,theroyalbanquethallcaterers@gmail.com,"Vaishali Nagar, Jaipur"
Spicy Treat Caterers,7654321103,spicytreatcaterers@gmail.com,"Jhotwara, Jaipur"
The Perfect Platter,6543210992,theperfectplatter@gmail.com,"Tonk Phatak, Jaipur"
The Royal Dine Caterers,5432109881,theroyaldinecaterers@gmail.com,"Ajmer Road, Jaipur"
Elite Banquet Caterers,4321098770,elitebanquetcaterers@gmail.com,"Malviya Nagar, Jaipur"
The Red Pepper Caterers,3210987659,theredpeppercaterers@gmail.com,"Shyam Nagar, Jaipur"
The Grand Caterers,2109876548,thegrandcaterers@gmail.com,"Gopalpura, Jaipu"
The Spice Route Caterers,1098765437,thespiceroutecaterers@gmail.com,"JLN Marg, Jaipur"
Royal Palace Caterers,9876543216,royalpalacecaterers@gmail.com,"Mansarovar, Jaipur"
The Food Factory Caterers,8765432115,thefoodfactorycaterers@gmail.com,"Bais Godam, Jaipur"
The Royal Treat,7654321104,theroyaltreat@gmail.com,"Raja Park, Jaipur"
Saffron Caterers,6543210993,saffroncaterers@gmail.com,"Ajmer Road, Jaipur"
The Royal Platter Caterers,5432109882,theroyalplattercaterers@gmail.com,"Vaishali Nagar, Jaipur"
The Rajasthani Caterers,4321098771,therajasthanicaterers@gmail.com,"Tonk Road, Jaipur"
The Royal Spread,3210987660,theroyalspread@gmail.com,"C-Scheme, Jaipur"
The Perfect Blend Caterers,2109876549,theperfectblendcaterers@gmail.com,"Malviya Nagar, Jaipur"
The Spice Club Caterers,1098765438,thespiceclubcaterers@gmail.com,"Vidhyadhar Nagar, Jaipur"
The Elite Kitchen,9876543217,theelitekitchen@gmail.com,"Ajmer Road, Jaipur"
The Royal Platter,8765432116,theroyalplatter@gmail.com,"Mansarovar, Jaipur"
The Food Architects Caterers,7654321105,thefoodarchitectscaterers@gmail.com,"JLN Marg, Jaipur"
The Royal Palace,6543210994,theroyalpalace@gmail.com,"Sanganer, Jaipur"
The Royal Treat Caterers,5432109883,theroyaltreatcaterers@gmail.com,"Tonk Road, Jaipur"
The Grand Feast Caterers,4321098772,thegrandfeastcaterers@gmail.com,"Vaishali Nagar, Jaipur"
The Royal Experience,3210987661,theroyalexperience@gmail.com,"Malviya Nagar, Jaipur"
The Royal Taste Caterers,2109876550,theroyaltastecaterers@gmail.com,"Bapu Nagar, Jaipur"
The Food Frenzy Caterers,1098765439,thefoodfrenzycaterers@gmail.com,"Shyam Nagar, Jaipur"
The Royal Kitchen,9876543218,theroyalkitchen@gmail.com,"Mansarovar Extension, Jaipur"
The Spice Garden,8765432117,thespicegarden@gmail.com,"Jawahar Circle, Jaipur"
The Royal Plate Caterers,7654321106,theroyalplatecaterers@gmail.com,"Sitapura, Jaipur"
The Elite Dining,6543210995,theelitedining@gmail.com,"Malviya Nagar, Jaipur"
The Royal Treats Caterers,5432109884,theroyaltreatscaterers@gmail.com,"Ajmer Road, Jaipur"
The Royal Kitchen Caterers,3210987654,theroyalkitchencaterers@gmail.com,"Gopalpura Bypass, Jaipur"
The Spice Hub Caterers,2109876543,thespicehubcaterers@gmail.com,"Malviya Nagar Industrial Area, Jaipur"
The Royal Treat Catering Services,1098765432,theroyaltreatcateringservices@gmail.com,"Ajmer Road, Jaipur"
The Food Fest Caterers,9876543211,thefoodfestcaterers@gmail.com,"Sodala, Jaipur"
The Royal Cuisines,8765432100,theroyalcuisines@gmail.com,"C-Scheme, Jaipur"
The Perfect Taste Caterers,7654321099,theperfecttastecaterers@gmail.com,"Tonk Phatak, Jaipur"
The Food Court Caterers,6543210988,thefoodcourtcaterers@gmail.com,"Raja Park, Jaipur"
The Royal Treat Caterers & Decorators,5432109877,theroyaltreatcaterersdecorators@gmail.com,"Jhotwara, Jaipur"
The Food Halls Caterers,4321098766,thefoodhallscaterers@gmail.com,"Ajmer Road, Jaipur"
The Royal Kitchen & Caterers,3210987655,theroyalkitchenandcaterers@gmail.com,"Vidhyadhar Nagar, Jaipur"
The Spice & Taste Caterers,2109876544,thespiceandtastecaterers@gmail.com,"Jagatpura, Jaipur"
The Royal Treat Caterers & Event Planners,1098765433,theroyaltreatcatererseventplanners@gmail.com,"Pratap Nagar, Jaipur"
The Food Studio Caterers,9876543212,thefoodstudiocaterers@gmail.com,"Lal Kothi, Jaipur"
The Royal Delight Caterers,8765432101,theroyaldelightcaterers@gmail.com,"Sanganer, Jaipur"
The Perfect Blend Caterers & Decorators,7654321100,theperfectblendcaterersdecorators@gmail.com,"Mansarovar, Jaipur"
The Food Island Caterers,6543210989,thefoodislandcaterers@gmail.com,"Malviya Nagar, Jaipur"
The Royal Touch Caterers,5432109878,theroyaltouchcaterers@gmail.com,"Bais Godam, Jaipur"
The Food Fusion Caterers,4321098767,thefoodfusioncaterers@gmail.com,"Tilak Nagar, Jaipur"
The Royal Treat Caterers & Wedding Planners,3210987656,theroyaltreatcaterersweddingplanners@gmail.com,"Shastri Nagar, Jaipur"
The Spice & Flavor Caterers,2109876545,thespiceandflavorcaterers@gmail.com,"Vaishali Nagar, Jaipur"
The Royal Feast Caterers,1098765434,theroyalfeastcaterers@gmail.com,"Sanganer Road, Jaipur"
The Food Kingdom Caterers,9876543213,thefoodkingdomcaterers@gmail.com,"Mansarovar Extension, Jaipur"