Service Provider,Contact Number,Email Address,Address
Dream Decor,2345678901,dreamdecor@gmail.com,"C-Scheme, Jaipur"
Celebrations Decor,3456789012,celebrationsdecor@gmail.com,"Mansarovar, Jaipur"
Classic Decorators,4567890123,classicdecoratorsjaipur@gmail.com,"Raja Park, Jaipur"
Elegant Events,5678901234,eleganteventsjaipur@gmail.com,"Vaishali Nagar, Jaipur"
Festive Decor,6789012345,festivedecorjaipur@gmail.com,"Malviya Nagar, Jaipur"
Floral Art,7890123456,floralartjaipur@gmail.com,"Tonk Road, Jaipur"
The Decorative Edge,8901234567,thedecorativeedge@gmail.com,"Bani Park, Jaipur"
The Event Makers,9012345678,theeventmakersjaipur@gmail.com,"Pratap Nagar, Jaipur"
The Party Place,123456789,thepartyplacejaipur@gmail.com,"Ajmer Road, Jaipur"
Unique Decor,2345678901,uniquedecorjaipur@gmail.com,"Sanganer, Jaipur"
Royal Events,3456789012,royaleventsjaipur@gmail.com,"Lal Kothi, Jaipur"
Sparkle Decor,4567890123,sparkldecorjaipur@gmail.com,"Vidhyadhar Nagar, Jaipur"
Festive Edge,5678901234,festiveedgejaipur@gmail.com,"JLN Marg, Jaipur"
The Decor Experts,6789012345,thedecordexpertsjaipur@gmail.com,"Malviya Nagar, Jaipur"
The Festive Touch,7890123456,thefestivetouchjaipur@gmail.com,"Gopalpura Bypass, Jaipur"
Dream World Decor,8901234567,dreamworlddecorjaipur@gmail.com,"Mansarovar Extension, Jaipur"
The Party Planners,9012345678,thepartyplannersjaipur@gmail.com,"Sanganer Road, Jaipur"
The Decor Studio,123456789,thedecorstudiojaipur@gmail.com,"Jagatpura, Jaipur"
The Royal Touch,2345678901,theroyaltouchjaipur@gmail.com,"Ajmeri Gate, Jaipur"
The Dream Decorators,3456789012,thedreamdecoratorsjaipur@gmail.com,"Bais Godam, Jaipur"
The Festive Decorators,4567890123,thefestivedecoratorsjaipur@gmail.com,"Tonk Phatak, Jaipur"
The Flower Power,5678901234,theflowerpowerjaipur@gmail.com,"Shastri Nagar, Jaipur"
The Palace Decor,6789012345,thepalacedecorjaipur@gmail.com,"Murlipura, Jaipur"
The Elegant Decor,7890123456,theelegantdecorjaipur@gmail.com,"Gopalpura, Jaipur"
The Decor Den,8901234567,thedecordenjaipur@gmail.com,"Jhotwara Road, Jaipur"
The Majestic Decor,9012345678,themajesticdecorjaipur@gmail.com,"Vaishali Nagar, Jaipur"
The Celebrations Studio,123456789,thecelebrationsstudiojaipur@gmail.com,"Mansarovar, Jaipur"
The Graceful Decor,2345678901,thegracefuldecorjaipur@gmail.com,"Ajmer Road, Jaipur"
The Decorative Touch,3456789012,thedecorativetouchjaipur@gmail.com,"Malviya Nagar, Jaipur"
The Festive Garden,4567890123,thefestivegardenjaipur@gmail.com,"Tonk Road, Jaipur"
The Enchanted Decor,5678901234,theenchanteddecorjaipur@gmail.com,"Vaishali Nagar, Jaipur"
The Celebration Decor,6789012345,thecelebrationdecorjaipur@gmail.com,"Raja Park, Jaipur"
The Elegant Events,7890123456,theeleganteventsjaipur@gmail.com,"C-Scheme, Jaipur"
The Decorative Dreams,8901234567,thedecorativedreamsjaipur@gmail.com,"Mansarovar, Jaipur"
The Festive Dazzle,9012345678,thefestivedazzlejaipur@gmail.com,"Vidhyadhar Nagar, Jaipur"
The Majestic Events,123456789,themajesticeventsjaipur@gmail.com,"Pratap Nagar, Jaipur"
The Royal Decor,2345678901,theroyaldecorjaipur@gmail.com,"Lal Kothi, Jaipur"
The Glittering Decor,3456789012,theglitteringdecorjaipur@gmail.com,"Gopalpura Bypass, Jaipur"
The Dreamy Decor,4567890123,thedreamydecorjaipur@gmail.com,"Sanganer, Jaipur"
The Celebration Studio,5678901234,thecelebrationstudiojaipur@gmail.com,"Malviya Nagar, Jaipur"
The Floral Touch,6789012345,thefloraltouchjaipur@gmail.com,"Bani Park, Jaipur"
The Elegant Touch,7890123456,theeleganttouchjaipur@gmail.com,"Ajmeri Gate, Jaipur"
The Festive Palace,8901234567,thefestivepalacejaipur@gmail.com,"Mansarovar Extension, Jaipur"
The Graceful Events,9012345678,thegracefuleventsjaipur@gmail.com,"Sanganer Road, Jaipur"
The Decorative Palace,123456789,thedecorativepalacejaipur@gmail.com,"Jagatpura, Jaipur"
The Elegant Garden,2345678901,theelegantgardenjaipur@gmail.com,"JLN Marg, Jaipur"
The Festive Studio,3456789012,thefestivestudiojaipur@gmail.com,"Bais Godam, Jaipur"
The Royal Palace,4567890123,theroyalpalacejaipur@gmail.com,"Tonk Phatak, Jaipur"
The Majestic Touch,5678901234,themajestictouchjaipur@gmail.com,"Shastri Nagar, Jaipur"
The Glittering Events,6789012345,theglitteringeventsjaipur@gmail.com,"Murlipura, Jaipur"
The Enchanted Events,7890123456,theenchantedeventsjaipur@gmail.com,"Gopalpura, Jaipur"
The Dreamy Events,8901234567,thedreamyeventsjaipur@gmail.com,Jhotwara Road
The Festive Decor,9012345678,thefestivedecorjaipur@gmail.com,"Malviya Nagar, Jaipur"
The Elegant Palace,123456789,theelegantpalacejaipur@gmail.com,"JLN Marg, Jaipur"
The Dreamy Palace,2345678901,thedreamypalacejaipur@gmail.com,"Shastri Nagar, Jaipur"
The Majestic Palace,3456789012,themajesticpalacejaipur@gmail.com,"Vaishali Nagar, Jaipur"
The Enchanted Palace,4567890123,theenchantedpalacejaipur@gmail.com,"Pratap Nagar, Jaipur"
The Graceful Palace,5678901234,thegracefulpalacejaipur@gmail.com,"Raja Park, Jaipur"
The Decorative Garden,6789012345,thedecorativegardenjaipur@gmail.com,"Mansarovar Extension, Jaipur"
The Festive Touch,7890123456,thefestivetouchjaipur@gmail.com,"Tonk Road, Jaipur"
The Elegant Decorators,8901234567,theelegantdecoratorsjaipur@gmail.com,"Bais Godam, Jaipur"
The Majestic Garden,9012345678,themajesticgardenjaipur@gmail.com,"Vidhyadhar Nagar, Jaipur"
The Enchanted Touch,123456789,theenchantedtouchjaipur@gmail.com,"Gopalpura Bypass, Jaipur"
The Graceful Garden,2345678901,thegracefulgardenjaipur@gmail.com,"Sanganer, Jaipur"
The Dreamy Touch,3456789012,thedreamytouchjaipur@gmail.com,"Ajmer Road, Jaipur"
The Decorative Palace,4567890123,thedecorativepalacejaipur@gmail.com,"Lal Kothi, Jaipur"
The Festive Gardeners,5678901234,thefestivegardenersjaipur@gmail.com,"Bani Park, Jaipur"
The Elegant Studio,6789012345,theelegantstudiojaipur@gmail.com,"Mansarovar, Jaipur"
The Majestic Decor,7890123456,themajesticdecorjaipur@gmail.com,"Ajmeri Gate, Jaipur"
The Enchanted Garden,8901234567,theenchantedgardenjaipur@gmail.com,"Jagatpura, Jaipur"
The Graceful Decorators,9012345678,thegracefuldecoratorsjaipur@gmail.com,"Sanganer Road, Jaipur"
The Dreamy Palace,123456789,thedreamypalacejaipur@gmail.com,"Gopalpura, Jaipur"